user_pseudo_id,event_name,event_label,page_duration_value,event_timestamp,event_date,version,event_option
1007568243.1745408,first_visit,,,1745407463924354,20250423,A,
1007568243.1745408,session_start,,,1745407463924354,20250423,A,
1007568243.1745408,page_view,,,1745407463924354,20250423,A,
1007568243.1745408,scroll,,,1745407469012363,20250423,A,
1007568243.1745408,page_duration,version_a,20.0,1745407483804978,20250423,A,
1035393840.1745436,first_visit,,,1745437176945162,20250423,A,
1035393840.1745436,session_start,,,1745437176945162,20250423,A,
1035393840.1745436,page_view,,,1745437176945162,20250423,A,
1035393840.1745436,scroll,,,1745437181878422,20250423,A,
1035393840.1745436,page_view,,,1745438671321884,20250423,A,
1035393840.1745436,scroll,,,1745438675437534,20250423,A,
1035393840.1745436,page_duration,version_a,7.0,1745438677383357,20250423,A,
1063646217.1745406,first_visit,,,1745406239045038,20250423,A,
1063646217.1745406,session_start,,,1745406239045038,20250423,A,
1063646217.1745406,page_view,,,1745406239045038,20250423,A,
1063646217.1745406,scroll,,,1745406239979845,20250423,A,
1063646217.1745406,button_click,Subscribe for Updates,1.0,1745406244994621,20250423,A,
1063646217.1745406,page_view,,,1745406283261659,20250423,A,
1063646217.1745406,scroll,,,1745406283980423,20250423,A,
1063646217.1745406,button_click,Subscribe for Updates,1.0,1745406288995482,20250423,A,
1063646217.1745406,option_selected,Mint Chocolate Green,1.0,1745406304681532,20250423,A,color_selected
1075789790.1745381,first_visit,,,1745382257583393,20250422,A,
1075789790.1745381,session_start,,,1745382257583393,20250422,A,
1075789790.1745381,page_view,,,1745382257583393,20250422,A,
1075789790.1745381,scroll,,,1745382262557855,20250422,A,
1075789790.1745381,option_selected,health,1.0,1745382285615278,20250422,A,main_reason
1075789790.1745381,button_click,Submit Preferences,1.0,1745382293392220,20250422,A,
1075789790.1745381,option_selected,Mint Chocolate Green,1.0,1745382299918495,20250422,A,color_selected
1075789790.1745381,option_selected,Cotton Candy Pink,1.0,1745382299918495,20250422,A,color_selected
1075789790.1745381,button_click,Submit Preferences,1.0,1745382304116932,20250422,A,
1075789790.1745381,page_duration,version_a,47.0,1745382304118304,20250422,A,
1075789790.1745381,page_view,,,1745382304429029,20250422,A,
1075789790.1745381,scroll,,,1745382306087518,20250422,A,
1075789790.1745381,page_duration,version_a,2.0,1745382306090173,20250422,A,
1075922652.1745422,first_visit,,,1745422417731665,20250423,A,
1075922652.1745422,session_start,,,1745422417731665,20250423,A,
1075922652.1745422,page_view,,,1745422417731665,20250423,A,
1075922652.1745422,scroll,,,1745422422666997,20250423,A,
1075922652.1745422,page_duration,version_a,103.0,1745422525973111,20250423,A,
1085276927.1745417,first_visit,,,1745417544167378,20250423,A,
1085276927.1745417,session_start,,,1745417544167378,20250423,A,
1085276927.1745417,page_view,,,1745417544167378,20250423,A,
1085276927.1745417,scroll,,,1745417549095219,20250423,A,
1085276927.1745417,button_click,Subscribe for Updates,1.0,1745417580079079,20250423,A,
1085276927.1745417,page_view,,,1745417602198771,20250423,A,
1085276927.1745417,scroll,,,1745417607203895,20250423,A,
1085276927.1745417,option_selected,Mint Chocolate Green,1.0,1745417623418345,20250423,A,color_selected
1085276927.1745417,option_selected,Mint Chocolate Green,1.0,1745417623418345,20250423,A,color_selected
1085276927.1745417,option_selected,Mint Chocolate Green,1.0,1745417631594510,20250423,A,color_selected
1085276927.1745417,option_selected,medium,1.0,1745417640937268,20250423,A,size
1085276927.1745417,option_selected,Mint Chocolate Green,1.0,1745417736034157,20250423,A,color_selected
1085276927.1745417,option_selected,Mint Chocolate Green,1.0,1745417736034157,20250423,A,color_selected
1085276927.1745417,option_selected,medium,1.0,1745417748718973,20250423,A,size
1085276927.1745417,page_duration,version_a,185.0,1745417787186963,20250423,A,
1085276927.1745417,page_view,,,1745417787873171,20250423,A,
1085276927.1745417,scroll,,,1745417792881842,20250423,A,
1085539458.1745403,first_visit,,,1745404381041308,20250423,A,
1085539458.1745403,session_start,,,1745404381041308,20250423,A,
1085539458.1745403,page_view,,,1745404381041308,20250423,A,
1085539458.1745403,scroll,,,1745404386117235,20250423,A,
1085539458.1745403,option_selected,Mint Chocolate Green,1.0,1745404437308064,20250423,A,color_selected
1085539458.1745403,option_selected,Mint Chocolate Green,1.0,1745404437308064,20250423,A,color_selected
1085539458.1745403,option_selected,Mint Chocolate Green,1.0,1745404437308064,20250423,A,color_selected
1085539458.1745403,option_selected,cellular,1.0,1745404452909607,20250423,A,additional_features
1085539458.1745403,option_selected,cellular,1.0,1745404452909607,20250423,A,additional_features
1085539458.1745403,button_click,Submit Preferences,1.0,1745404475591674,20250423,A,
1085539458.1745403,page_duration,version_a,104.0,1745404484756392,20250423,A,
1085539458.1745403,page_view,,,1745404485262364,20250423,A,
1085539458.1745403,scroll,,,1745404490270415,20250423,A,
1085539458.1745403,page_duration,version_a,10.0,1745404496915046,20250423,A,
1105709154.174537,first_visit,,,1745370392755831,20250422,A,
1105709154.174537,session_start,,,1745370392755831,20250422,A,
1105709154.174537,page_view,,,1745370392755831,20250422,A,
1105709154.174537,scroll,,,1745370397729985,20250422,A,
1115497531.1745384,first_visit,,,1745383255656472,20250422,A,
1115497531.1745384,session_start,,,1745383255656472,20250422,A,
1115497531.1745384,page_view,,,1745383255656472,20250422,A,
1115497531.1745384,scroll,,,1745383260596448,20250422,A,
1133122308.1745453,first_visit,,,1745453158703050,20250423,A,
1133122308.1745453,session_start,,,1745453158703050,20250423,A,
1133122308.1745453,page_view,,,1745453158703050,20250423,A,
1133122308.1745453,scroll,,,1745453159897292,20250423,A,
1133122308.1745453,button_click,Subscribe for Updates,1.0,1745453164907340,20250423,A,
1143961134.1745405,first_visit,,,1745406245129019,20250423,A,
1143961134.1745405,session_start,,,1745406245129019,20250423,A,
1143961134.1745405,page_view,,,1745406245129019,20250423,A,
1143961134.1745405,scroll,,,1745406250013083,20250423,A,
1143961134.1745405,option_selected,Mint Chocolate Green,1.0,1745406261765568,20250423,A,color_selected
1143961134.1745405,option_selected,medium,1.0,1745406269019932,20250423,A,size
1143961134.1745405,option_selected,warranty,1.0,1745406269019932,20250423,A,additional_features
1143961134.1745405,option_selected,fast,1.0,1745406278648480,20250423,A,charging_option
1143961134.1745405,option_selected,premium_bundle,1.0,1745406278648480,20250423,A,accessories_option
1143961134.1745405,option_selected,none,1.0,1745406278648480,20250423,A,accessories_option
1143961134.1745405,option_selected,health,1.0,1745406291747485,20250423,A,main_reason
1143961134.1745405,option_selected,200_299,1.0,1745406291747485,20250423,A,price_range
1143961134.1745405,option_selected,300_plus,1.0,1745406291747485,20250423,A,price_range
1143961134.1745405,button_click,Submit Preferences,1.0,1745406305762827,20250423,A,
1143961134.1745405,page_duration,version_a,76.0,1745406320610491,20250423,A,
1143961134.1745405,page_view,,,1745406321280149,20250423,A,
1143961134.1745405,scroll,,,1745406326292550,20250423,A,
1177121207.1745386,first_visit,,,1745386753220391,20250422,A,
1177121207.1745386,session_start,,,1745386753220391,20250422,A,
1177121207.1745386,page_view,,,1745386753220391,20250422,A,
1177121207.1745386,scroll,,,1745386758235626,20250422,A,
1187868958.174543,first_visit,,,1745427448872292,20250423,A,
1187868958.174543,session_start,,,1745427448872292,20250423,A,
1187868958.174543,page_view,,,1745427448872292,20250423,A,
1187868958.174543,scroll,,,1745427453298620,20250423,A,
1187868958.174543,page_duration,version_a,7.0,1745427454575132,20250423,A,
1215106308.1745405,first_visit,,,1745406276754760,20250423,A,
1215106308.1745405,session_start,,,1745406276754760,20250423,A,
1215106308.1745405,page_view,,,1745406276754760,20250423,A,
1215106308.1745405,scroll,,,1745406282000454,20250423,A,
1215106308.1745405,page_view,,,1745406360321157,20250423,A,
1215106308.1745405,scroll,,,1745406365258175,20250423,A,
1215106308.1745405,option_selected,Mint Chocolate Green,1.0,1745406371677423,20250423,A,color_selected
1215106308.1745405,option_selected,leather,1.0,1745406378235244,20250423,A,band_material
1215106308.1745405,option_selected,medium,1.0,1745406378235244,20250423,A,size
1215106308.1745405,option_selected,premium,1.0,1745406386707430,20250423,A,additional_features
1215106308.1745405,button_click,Submit Preferences,1.0,1745406410570533,20250423,A,
1215106308.1745405,user_engagement,,,1745406419033844,20250423,A,
1215106308.1745405,page_duration,version_a,59.0,1745406419093225,20250423,A,
1215106308.1745405,page_view,,,1745406420703886,20250423,A,
1215106308.1745405,scroll,,,1745406425707217,20250423,A,
1215106308.1745405,page_view,,,1745406501001292,20250423,A,
1215106308.1745405,scroll,,,1745406501111426,20250423,A,
1216248715.1745324,first_visit,,,1745324108261977,20250422,A,
1216248715.1745324,session_start,,,1745324108261977,20250422,A,
1216248715.1745324,page_view,,,1745324108261977,20250422,A,
1216248715.1745324,scroll,,,1745324113153396,20250422,A,
1216248715.1745324,option_selected,cellular,1.0,1745324128736730,20250422,A,additional_features
1216248715.1745324,option_selected,wireless,1.0,1745324134567694,20250422,A,charging_option
1216248715.1745324,option_selected,fast,1.0,1745324134567694,20250422,A,charging_option
1216248715.1745324,option_selected,no,1.0,1745324152732375,20250422,A,own_smartwatch
1216248715.1745324,option_selected,health,1.0,1745324152732375,20250422,A,main_reason
1216248715.1745324,option_selected,100_199,1.0,1745324160745677,20250422,A,price_range
1216248715.1745324,button_click,Submit Preferences,1.0,1745324172952389,20250422,A,
1216248715.1745324,option_selected,Black Sesame,1.0,1745324181012257,20250422,A,color_selected
1216248715.1745324,option_selected,Cotton Candy Pink,1.0,1745324181012257,20250422,A,color_selected
1216248715.1745324,button_click,Submit Preferences,1.0,1745324186968914,20250422,A,
1216248715.1745324,page_duration,version_a,79.0,1745324186994456,20250422,A,
1216248715.1745324,page_view,,,1745324187352174,20250422,A,
1216248715.1745324,scroll,,,1745324192373888,20250422,A,
1216248715.1745324,page_duration,version_a,8.0,1745324293786308,20250422,A,
1216248715.1745324,page_view,,,1745324674178861,20250422,A,
1216248715.1745324,scroll,,,1745324680302449,20250422,A,
1216248715.1745324,user_engagement,,,1745324685143484,20250422,A,
1216248715.1745324,page_duration,version_a,12.0,1745324685145311,20250422,A,
1229642951.174538,first_visit,,,1745379122242402,20250422,A,
1229642951.174538,session_start,,,1745379122242402,20250422,A,
1229642951.174538,page_view,,,1745379122242402,20250422,A,
1229642951.174538,scroll,,,1745379127131131,20250422,A,
1229642951.174538,button_click,Subscribe for Updates,1.0,1745379152748380,20250422,A,
1229642951.174538,option_selected,Mint Chocolate Green,1.0,1745379164108361,20250422,A,color_selected
1229642951.174538,option_selected,Mint Chocolate Green,1.0,1745379164108361,20250422,A,color_selected
1229642951.174538,page_duration,version_a,50.0,1745379171645437,20250422,A,
1237230127.1745403,first_visit,,,1745404206030572,20250423,A,
1237230127.1745403,session_start,,,1745404206030572,20250423,A,
1237230127.1745403,page_view,,,1745404206030572,20250423,A,
1237230127.1745403,scroll,,,1745404210962501,20250423,A,
1237230127.1745403,page_duration,version_a,47.0,1745404257672525,20250423,A,
1237230127.1745403,page_duration,version_a,1191.0,1745405401713125,20250423,A,
1237230127.1745403,session_start,,,1745407932980378,20250423,A,
1237230127.1745403,page_view,,,1745407932980378,20250423,A,
1237230127.1745403,scroll,,,1745407937368435,20250423,A,
1237230127.1745403,option_selected,cellular,1.0,1745407999432519,20250423,A,additional_features
1244540323.1745417,first_visit,,,1745416236800871,20250423,A,
1244540323.1745417,session_start,,,1745416236800871,20250423,A,
1244540323.1745417,page_view,,,1745416236800871,20250423,A,
1244540323.1745417,scroll,,,1745416241744895,20250423,A,
1244540323.1745417,page_duration,version_a,74.0,1745416476755285,20250423,A,
1244540323.1745417,user_engagement,,,1745416482150865,20250423,A,
1244540323.1745417,page_duration,version_a,294.0,1745416482160994,20250423,A,
1257943705.1745412,first_visit,,,1745411003581407,20250423,A,
1257943705.1745412,session_start,,,1745411003581407,20250423,A,
1257943705.1745412,page_view,,,1745411003581407,20250423,A,
1257943705.1745412,scroll,,,1745411008564940,20250423,A,
1257943705.1745412,option_selected,Cotton Candy Pink,1.0,1745411022100226,20250423,A,color_selected
1257943705.1745412,option_selected,metal,1.0,1745411031833403,20250423,A,band_material
1257943705.1745412,option_selected,large,1.0,1745411038870865,20250423,A,size
1257943705.1745412,option_selected,premium,1.0,1745411047557367,20250423,A,additional_features
1257943705.1745412,option_selected,wireless,1.0,1745411054947127,20250423,A,charging_option
1257943705.1745412,option_selected,android,1.0,1745411089921066,20250423,A,phone_type
1257943705.1745412,button_click,Submit Preferences,1.0,1745411196477586,20250423,A,
1257943705.1745412,page_duration,version_a,193.0,1745411196509966,20250423,A,
1257943705.1745412,page_view,,,1745411196863968,20250423,A,
1257943705.1745412,scroll,,,1745411201871902,20250423,A,
1257943705.1745412,page_duration,version_a,27.0,1745411228687209,20250423,A,
1257943705.1745412,page_duration,version_a,29.0,1745411228687209,20250423,A,
1257943705.1745412,page_duration,version_a,29.0,1745411228687209,20250423,A,
1257943705.1745412,page_duration,version_a,58.0,1745411260674263,20250423,A,
1257943705.1745412,page_duration,version_a,59.0,1745411260674263,20250423,A,
1257943705.1745412,page_duration,version_a,105.0,1745411307670622,20250423,A,
1257943705.1745412,page_duration,version_a,173.0,1745411374684774,20250423,A,
1257943705.1745412,page_duration,version_a,174.0,1745411374684774,20250423,A,
1257943705.1745412,page_duration,version_a,232.0,1745411434681904,20250423,A,
1257943705.1745412,page_duration,version_a,234.0,1745411434681904,20250423,A,
1257943705.1745412,page_duration,version_a,327.0,1745411528674420,20250423,A,
1257943705.1745412,page_duration,version_a,328.0,1745411528674420,20250423,A,
1257943705.1745412,user_engagement,,,1745411559053546,20250423,A,
1257943705.1745412,page_duration,version_a,362.0,1745411559071994,20250423,A,
1294930768.1745405,first_visit,,,1745406841339600,20250423,A,
1294930768.1745405,session_start,,,1745406841339600,20250423,A,
1294930768.1745405,page_view,,,1745406841339600,20250423,A,
1294930768.1745405,scroll,,,1745406846225799,20250423,A,
1294930768.1745405,page_duration,version_a,44.0,1745406885715852,20250423,A,
1296028598.1745415,first_visit,,,1745414898707702,20250423,A,
1296028598.1745415,session_start,,,1745414898707702,20250423,A,
1296028598.1745415,page_view,,,1745414898707702,20250423,A,
1296028598.1745415,scroll,,,1745414903661788,20250423,A,
1296028598.1745415,option_selected,Black Sesame,1.0,1745414925097514,20250423,A,color_selected
1296028598.1745415,page_duration,version_a,36.0,1745414938998359,20250423,A,
1296028598.1745415,page_duration,version_a,59.0,1745414957949315,20250423,A,
1296028598.1745415,page_view,,,1745414998839269,20250423,A,
1296028598.1745415,scroll,,,1745415003829960,20250423,A,
1296028598.1745415,option_selected,Black Sesame,1.0,1745415025514559,20250423,A,color_selected
1296028598.1745415,option_selected,leather,1.0,1745415034849721,20250423,A,band_material
1296028598.1745415,option_selected,medium,1.0,1745415041476126,20250423,A,size
1296028598.1745415,option_selected,warranty,1.0,1745415047855513,20250423,A,additional_features
1296028598.1745415,option_selected,100_199,1.0,1745415076845465,20250423,A,price_range
1296028598.1745415,option_selected,other,1.0,1745415082947164,20250423,A,phone_type
1296028598.1745415,option_selected,android,1.0,1745415088386365,20250423,A,phone_type
1296028598.1745415,button_click,Submit Preferences,1.0,1745415124669010,20250423,A,
1296028598.1745415,page_duration,version_a,239.0,1745415242605015,20250423,A,
1296028598.1745415,page_duration,version_a,245.0,1745415244589993,20250423,A,
1297309613.1745408,first_visit,,,1745408953143473,20250423,A,
1297309613.1745408,session_start,,,1745408953143473,20250423,A,
1297309613.1745408,page_view,,,1745408953143473,20250423,A,
1297309613.1745408,scroll,,,1745408957959026,20250423,A,
1297309613.1745408,option_selected,Black Sesame,1.0,1745409014171108,20250423,A,color_selected
1297309613.1745408,page_duration,version_a,65.0,1745409023113248,20250423,A,
1297309613.1745408,option_selected,leather,1.0,1745409035060140,20250423,A,band_material
1297309613.1745408,option_selected,premium,1.0,1745409064344249,20250423,A,additional_features
1297309613.1745408,option_selected,fast,1.0,1745409064344249,20250423,A,charging_option
1297309613.1745408,option_selected,premium_bundle,1.0,1745409072083325,20250423,A,accessories_option
1297309613.1745408,option_selected,no,1.0,1745409072083325,20250423,A,own_smartwatch
1297309613.1745408,option_selected,yes,1.0,1745409082593671,20250423,A,own_smartwatch
1297309613.1745408,option_selected,100_199,1.0,1745409090733599,20250423,A,price_range
1297309613.1745408,page_view,,,1745409099907789,20250423,A,
1297309613.1745408,scroll,,,1745409104908383,20250423,A,
1297309613.1745408,option_selected,Black Sesame,1.0,1745409116441467,20250423,A,color_selected
1297309613.1745408,option_selected,leather,1.0,1745409116441467,20250423,A,band_material
1297309613.1745408,option_selected,medium,1.0,1745409121552340,20250423,A,size
1297309613.1745408,option_selected,premium,1.0,1745409127645942,20250423,A,additional_features
1297309613.1745408,option_selected,fast,1.0,1745409127645942,20250423,A,charging_option
1297309613.1745408,option_selected,premium_bundle,1.0,1745409127645942,20250423,A,accessories_option
1297309613.1745408,option_selected,100_199,1.0,1745409135375407,20250423,A,price_range
1297309613.1745408,page_duration,version_a,119.0,1745409296247439,20250423,A,
1297309613.1745408,page_view,,,1745410340094354,20250423,A,
1297309613.1745408,page_view,,,1745410350155644,20250423,A,
1297309613.1745408,scroll,,,1745410355164863,20250423,A,
1297309613.1745408,option_selected,Black Sesame,1.0,1745410373634722,20250423,A,color_selected
1297309613.1745408,option_selected,warranty,1.0,1745410381255548,20250423,A,additional_features
1297309613.1745408,option_selected,cellular,1.0,1745410391324076,20250423,A,additional_features
1297309613.1745408,option_selected,warranty,1.0,1745410391324076,20250423,A,additional_features
1297309613.1745408,page_view,,,1745410410192914,20250423,A,
1297309613.1745408,scroll,,,1745410415211659,20250423,A,
1297309613.1745408,option_selected,cellular,1.0,1745410421980142,20250423,A,additional_features
1297309613.1745408,page_view,,,1745410504862069,20250423,A,
1297309613.1745408,scroll,,,1745410509875342,20250423,A,
1306596279.174538,first_visit,,,1745380486599921,20250422,A,
1306596279.174538,session_start,,,1745380486599921,20250422,A,
1306596279.174538,page_view,,,1745380486599921,20250422,A,
1306596279.174538,scroll,,,1745380490609765,20250422,A,
1347019341.1745455,first_visit,,,1745455521935863,20250423,A,
1347019341.1745455,session_start,,,1745455521935863,20250423,A,
1347019341.1745455,page_view,,,1745455521935863,20250423,A,
1347019341.1745455,scroll,,,1745455527052197,20250423,A,
1347019341.1745455,option_selected,Black Sesame,1.0,1745455606057314,20250423,A,color_selected
1347019341.1745455,option_selected,metal,1.0,1745455621762536,20250423,A,band_material
1347019341.1745455,option_selected,premium,1.0,1745455656118900,20250423,A,additional_features
1347019341.1745455,option_selected,fast,1.0,1745455669167297,20250423,A,charging_option
1347019341.1745455,option_selected,premium_bundle,1.0,1745455706158955,20250423,A,accessories_option
1347019341.1745455,option_selected,bundle,1.0,1745455715246864,20250423,A,accessories_option
1347019341.1745455,option_selected,no,1.0,1745455737456522,20250423,A,own_smartwatch
1347019341.1745455,option_selected,health,1.0,1745455757010916,20250423,A,main_reason
1347019341.1745455,button_click,Submit Preferences,1.0,1745455788381654,20250423,A,
1347019341.1745455,user_engagement,,,1745455792692696,20250423,A,
1347019341.1745455,page_duration,version_a,271.0,1745455792700951,20250423,A,
1347019341.1745455,page_view,,,1745455793009061,20250423,A,
1347019341.1745455,scroll,,,1745455798018890,20250423,A,
1347019341.1745455,user_engagement,,,1745455803715320,20250423,A,
1347019341.1745455,page_duration,version_a,11.0,1745455803726302,20250423,A,
1348177177.174468,first_visit,,,1745378923298090,20250422,A,
1348177177.174468,session_start,,,1745378923298090,20250422,A,
1348177177.174468,page_view,,,1745378923298090,20250422,A,
1348177177.174468,scroll,,,1745378926926526,20250422,A,
1348177177.174468,option_selected,Mint Chocolate Green,1.0,1745378931935202,20250422,A,color_selected
1348177177.174468,option_selected,Black Sesame,1.0,1745378931935202,20250422,A,color_selected
1348177177.174468,option_selected,leather,1.0,1745378931935202,20250422,A,band_material
1348177177.174468,option_selected,large,1.0,1745378931935202,20250422,A,size
1348177177.174468,option_selected,premium,1.0,1745378931935202,20250422,A,additional_features
1348177177.174468,option_selected,warranty,1.0,1745378931935202,20250422,A,additional_features
1348177177.174468,option_selected,cellular,1.0,1745378931935202,20250422,A,additional_features
1348177177.174468,option_selected,wireless,1.0,1745378937024973,20250422,A,charging_option
1348177177.174468,option_selected,bundle,1.0,1745378937024973,20250422,A,accessories_option
1348177177.174468,option_selected,no,1.0,1745378937024973,20250422,A,own_smartwatch
1348177177.174468,option_selected,productivity,1.0,1745378950420440,20250422,A,main_reason
1348177177.174468,option_selected,yes,1.0,1745378950420440,20250422,A,own_smartwatch
1348177177.174468,option_selected,200_299,1.0,1745378956415021,20250422,A,price_range
1348177177.174468,option_selected,300_plus,1.0,1745378956415021,20250422,A,price_range
1348177177.174468,button_click,Submit Preferences,1.0,1745378979225045,20250422,A,
1348177177.174468,page_duration,version_a,56.0,1745378979240450,20250422,A,
1348177177.174468,page_view,,,1745378979561843,20250422,A,
1348177177.174468,scroll,,,1745378982977156,20250422,A,
1348177177.174468,session_start,,,1745427991423389,20250423,A,
1348177177.174468,page_view,,,1745427991423389,20250423,A,
1348177177.174468,scroll,,,1745427994279393,20250423,A,
1348177177.174468,page_duration,version_a,3.0,1745427994295124,20250423,A,
1349731329.1745346,first_visit,,,1745346665593003,20250422,A,
1349731329.1745346,session_start,,,1745346665593003,20250422,A,
1349731329.1745346,page_view,,,1745346665593003,20250422,A,
1349731329.1745346,scroll,,,1745346667273204,20250422,A,
1349731329.1745346,page_duration,version_a,2.0,1745346667278252,20250422,A,
1368932169.1745403,first_visit,,,1745403857755278,20250423,A,
1368932169.1745403,session_start,,,1745403857755278,20250423,A,
1368932169.1745403,page_view,,,1745403857755278,20250423,A,
1368932169.1745403,scroll,,,1745403862676234,20250423,A,
1368932169.1745403,option_selected,cellular,1.0,1745403920529500,20250423,A,additional_features
1368932169.1745403,option_selected,Black Sesame,1.0,1745403920529500,20250423,A,color_selected
1368932169.1745403,option_selected,premium,1.0,1745403920529500,20250423,A,additional_features
1368932169.1745403,button_click,Submit Preferences,1.0,1745403925439955,20250423,A,
1368932169.1745403,user_engagement,,,1745403925439955,20250423,A,
1368932169.1745403,page_duration,version_a,68.0,1745403925448073,20250423,A,
1368932169.1745403,page_view,,,1745403925771467,20250423,A,
1368932169.1745403,scroll,,,1745403930775647,20250423,A,
1368932169.1745403,user_engagement,,,1745403952984350,20250423,A,
1368932169.1745403,page_duration,version_a,27.0,1745403952994631,20250423,A,
1378435434.1745403,first_visit,,,1745404421806059,20250423,A,
1378435434.1745403,session_start,,,1745404421806059,20250423,A,
1378435434.1745403,page_view,,,1745404421806059,20250423,A,
1378435434.1745403,scroll,,,1745404426818040,20250423,A,
1389017272.1745296,session_start,,,1745456180775197,20250423,A,
1389017272.1745296,user_engagement,,,1745456180775197,20250423,A,
1389017272.1745296,page_duration,version_a,159142.0,1745456180775840,20250423,A,
1389995151.1745095,first_visit,,,1745328169797416,20250422,A,
1389995151.1745095,session_start,,,1745328169797416,20250422,A,
1389995151.1745095,page_view,,,1745328169797416,20250422,A,
1389995151.1745095,scroll,,,1745328174691503,20250422,A,
1389995151.1745095,option_selected,premium,1.0,1745328180643717,20250422,A,additional_features
1389995151.1745095,button_click,Submit Preferences,1.0,1745328211136455,20250422,A,
1389995151.1745095,button_click,Submit Preferences,1.0,1745328211136455,20250422,A,
1389995151.1745095,option_selected,Black Sesame,1.0,1745328220204219,20250422,A,color_selected
1389995151.1745095,button_click,Submit Preferences,1.0,1745328220204219,20250422,A,
1389995151.1745095,page_duration,version_a,51.0,1745328220205005,20250422,A,
1389995151.1745095,page_view,,,1745328220511757,20250422,A,
1389995151.1745095,scroll,,,1745328223926719,20250422,A,
1389995151.1745095,user_engagement,,,1745328223927331,20250422,A,
1389995151.1745095,page_duration,version_a,3.0,1745328223928484,20250422,A,
1407762757.174537,first_visit,,,1745370682275340,20250422,A,
1407762757.174537,session_start,,,1745370682275340,20250422,A,
1407762757.174537,page_view,,,1745370682275340,20250422,A,
1407762757.174537,scroll,,,1745370687314562,20250422,A,
1407762757.174537,option_selected,Mint Chocolate Green,1.0,1745370710738209,20250422,A,color_selected
1407762757.174537,option_selected,Mint Chocolate Green,1.0,1745370710738209,20250422,A,color_selected
1407762757.174537,option_selected,Cotton Candy Pink,1.0,1745370710738209,20250422,A,color_selected
1407762757.174537,option_selected,Mint Chocolate Green,1.0,1745370710738209,20250422,A,color_selected
1407762757.174537,option_selected,Black Sesame,1.0,1745370716306760,20250422,A,color_selected
1407762757.174537,option_selected,Mint Chocolate Green,1.0,1745370716306760,20250422,A,color_selected
1407762757.174537,option_selected,leather,1.0,1745370716306760,20250422,A,band_material
1407762757.174537,option_selected,medium,1.0,1745370716306760,20250422,A,size
1407762757.174537,option_selected,cellular,1.0,1745370716306760,20250422,A,additional_features
1407762757.174537,option_selected,warranty,1.0,1745370716306760,20250422,A,additional_features
1407762757.174537,option_selected,premium,1.0,1745370721991685,20250422,A,additional_features
1407762757.174537,option_selected,fast,1.0,1745370721991685,20250422,A,charging_option
1407762757.174537,option_selected,bundle,1.0,1745370721991685,20250422,A,accessories_option
1407762757.174537,option_selected,premium_bundle,1.0,1745370721991685,20250422,A,accessories_option
1407762757.174537,option_selected,300_plus,1.0,1745370725060401,20250422,A,price_range
1407762757.174537,user_engagement,,,1745370725060401,20250422,A,
1407762757.174537,page_duration,version_a,43.0,1745370725091989,20250422,A,
1424793995.1745324,first_visit,,,1745323766355767,20250422,A,
1424793995.1745324,session_start,,,1745323766355767,20250422,A,
1424793995.1745324,page_view,,,1745323766355767,20250422,A,
1424793995.1745324,scroll,,,1745323771197337,20250422,A,
1424793995.1745324,page_duration,version_a,137.0,1745323908367834,20250422,A,
1424793995.1745324,option_selected,large,1.0,1745324002471278,20250422,A,size
1424793995.1745324,user_engagement,,,1745324007660657,20250422,A,
1424793995.1745324,page_duration,version_a,242.0,1745324007661801,20250422,A,
1424793995.1745324,page_view,,,1745324008505198,20250422,A,
1424793995.1745324,scroll,,,1745324013523346,20250422,A,
1424793995.1745324,option_selected,warranty,1.0,1745324032563827,20250422,A,additional_features
1424793995.1745324,option_selected,large,1.0,1745324032563827,20250422,A,size
1424793995.1745324,option_selected,bundle,1.0,1745324042800774,20250422,A,accessories_option
1424793995.1745324,option_selected,health,1.0,1745324053632553,20250422,A,main_reason
1424793995.1745324,option_selected,100_199,1.0,1745324062030551,20250422,A,price_range
1424793995.1745324,button_click,Submit Preferences,1.0,1745324067390799,20250422,A,
1424793995.1745324,session_start,,,1745326960241711,20250422,A,
1424793995.1745324,page_view,,,1745326960241711,20250422,A,
1424793995.1745324,scroll,,,1745326962590531,20250422,A,
1424793995.1745324,page_duration,version_a,3.0,1745327341982216,20250422,A,
1424793995.1745324,session_start,,,1745338828070787,20250422,A,
1424793995.1745324,page_view,,,1745338828070787,20250422,A,
1424793995.1745324,scroll,,,1745338832658938,20250422,A,
1424793995.1745324,page_duration,version_a,6.0,1745338833299607,20250422,A,
1440403878.1745374,first_visit,,,1745374035859538,20250422,A,
1440403878.1745374,session_start,,,1745374035859538,20250422,A,
1440403878.1745374,page_view,,,1745374035859538,20250422,A,
1440403878.1745374,scroll,,,1745374040821218,20250422,A,
1440403878.1745374,user_engagement,,,1745374052734795,20250422,A,
1440403878.1745374,page_duration,version_a,17.0,1745374052747066,20250422,A,
145015122.1745457,first_visit,,,1745457319856049,20250423,A,
145015122.1745457,session_start,,,1745457319856049,20250423,A,
145015122.1745457,page_view,,,1745457319856049,20250423,A,
145015122.1745457,scroll,,,1745457324797533,20250423,A,
145015122.1745457,option_selected,Mint Chocolate Green,1.0,1745457381048924,20250423,A,color_selected
145015122.1745457,option_selected,Cotton Candy Pink,1.0,1745457400360301,20250423,A,color_selected
145015122.1745457,option_selected,metal,1.0,1745457416080501,20250423,A,band_material
145015122.1745457,option_selected,medium,1.0,1745457422782835,20250423,A,size
145015122.1745457,option_selected,premium,1.0,1745457430022100,20250423,A,additional_features
145015122.1745457,option_selected,fast,1.0,1745457430022100,20250423,A,charging_option
145015122.1745457,option_selected,bundle,1.0,1745457430022100,20250423,A,accessories_option
145015122.1745457,option_selected,health,1.0,1745457440095625,20250423,A,main_reason
145015122.1745457,option_selected,100_199,1.0,1745457440095625,20250423,A,price_range
145015122.1745457,option_selected,android,1.0,1745457440095625,20250423,A,phone_type
145015122.1745457,option_selected,iphone,1.0,1745457440095625,20250423,A,phone_type
145015122.1745457,button_click,Submit Preferences,1.0,1745457443458696,20250423,A,
145015122.1745457,page_duration,version_a,124.0,1745457443464432,20250423,A,
145015122.1745457,page_view,,,1745457443777759,20250423,A,
145015122.1745457,scroll,,,1745457448783335,20250423,A,
145015122.1745457,button_click,Submit Preferences,1.0,1745457458351879,20250423,A,
145015122.1745457,option_selected,Cotton Candy Pink,1.0,1745457487010494,20250423,A,color_selected
145015122.1745457,option_selected,Cotton Candy Pink,1.0,1745457515722720,20250423,A,color_selected
145015122.1745457,option_selected,Cotton Candy Pink,1.0,1745457515722720,20250423,A,color_selected
145015122.1745457,option_selected,Cotton Candy Pink,1.0,1745457515722720,20250423,A,color_selected
145015122.1745457,option_selected,leather,1.0,1745457521107172,20250423,A,band_material
145015122.1745457,option_selected,medium,1.0,1745457526475098,20250423,A,size
145015122.1745457,option_selected,premium,1.0,1745457526475098,20250423,A,additional_features
145015122.1745457,option_selected,fast,1.0,1745457526475098,20250423,A,charging_option
145015122.1745457,option_selected,bundle,1.0,1745457526475098,20250423,A,accessories_option
145015122.1745457,option_selected,productivity,1.0,1745457533318185,20250423,A,main_reason
145015122.1745457,option_selected,100_199,1.0,1745457533318185,20250423,A,price_range
145015122.1745457,option_selected,android,1.0,1745457533318185,20250423,A,phone_type
145015122.1745457,option_selected,iphone,1.0,1745457533318185,20250423,A,phone_type
145015122.1745457,button_click,Submit Preferences,1.0,1745457533318185,20250423,A,
145015122.1745457,user_engagement,,,1745457535624962,20250423,A,
145015122.1745457,page_duration,version_a,92.0,1745457535633373,20250423,A,
145015122.1745457,page_view,,,1745457535931391,20250423,A,
145015122.1745457,scroll,,,1745457540943314,20250423,A,
145015122.1745457,user_engagement,,,1745457545700961,20250423,A,
145015122.1745457,page_duration,version_a,10.0,1745457545708098,20250423,A,
1450534307.1745415,first_visit,,,1745414796164401,20250423,A,
1450534307.1745415,session_start,,,1745414796164401,20250423,A,
1450534307.1745415,page_view,,,1745414796164401,20250423,A,
1450534307.1745415,scroll,,,1745414801077381,20250423,A,
1450534307.1745415,page_view,,,1745414840209152,20250423,A,
1450534307.1745415,scroll,,,1745414845247767,20250423,A,
1471020575.174541,first_visit,,,1745410340197016,20250423,A,
1471020575.174541,session_start,,,1745410340197016,20250423,A,
1471020575.174541,page_view,,,1745410340197016,20250423,A,
1471020575.174541,scroll,,,1745410345172861,20250423,A,
150240241.1745383,first_visit,,,1745383170939340,20250422,A,
150240241.1745383,session_start,,,1745383170939340,20250422,A,
150240241.1745383,page_view,,,1745383170939340,20250422,A,
150240241.1745383,scroll,,,1745383175841920,20250422,A,
150240241.1745383,option_selected,Mint Chocolate Green,1.0,1745383186693364,20250422,A,color_selected
150240241.1745383,page_duration,version_a,20.0,1745383191173828,20250422,A,
1512799216.1745017,first_visit,,,1745381086895240,20250422,A,
1512799216.1745017,session_start,,,1745381086895240,20250422,A,
1512799216.1745017,page_view,,,1745381086895240,20250422,A,
1512799216.1745017,scroll,,,1745381091888765,20250422,A,
1512799216.1745017,page_duration,version_a,8.0,1745381095502542,20250422,A,
1512799216.1745017,page_view,,,1745381100762399,20250422,A,
1512799216.1745017,scroll,,,1745381105773813,20250422,A,
1512799216.1745017,page_duration,version_a,13.0,1745381113537080,20250422,A,
1512799216.1745017,page_view,,,1745381115980737,20250422,A,
1512799216.1745017,scroll,,,1745381120998191,20250422,A,
1512799216.1745017,option_selected,Cotton Candy Pink,1.0,1745381126221030,20250422,A,color_selected
1512799216.1745017,option_selected,metal,1.0,1745381126221030,20250422,A,band_material
1512799216.1745017,option_selected,medium,1.0,1745381131869350,20250422,A,size
1512799216.1745017,option_selected,fast,1.0,1745381131869350,20250422,A,charging_option
1512799216.1745017,option_selected,bundle,1.0,1745381139975312,20250422,A,accessories_option
1512799216.1745017,option_selected,no,1.0,1745381139975312,20250422,A,own_smartwatch
1512799216.1745017,option_selected,productivity,1.0,1745381147860613,20250422,A,main_reason
1512799216.1745017,option_selected,100_199,1.0,1745381153607589,20250422,A,price_range
1512799216.1745017,option_selected,android,1.0,1745381153607589,20250422,A,phone_type
1512799216.1745017,button_click,Submit Preferences,1.0,1745381153607589,20250422,A,
1512799216.1745017,page_duration,version_a,43.0,1745381158755625,20250422,A,
1512799216.1745017,page_view,,,1745381158954020,20250422,A,
1512799216.1745017,scroll,,,1745381160119698,20250422,A,
1512799216.1745017,page_duration,version_a,1.0,1745381160497468,20250422,A,
1532380334.1745415,first_visit,,,1745414809932123,20250423,A,
1532380334.1745415,session_start,,,1745414809932123,20250423,A,
1532380334.1745415,page_view,,,1745414809932123,20250423,A,
1532380334.1745415,scroll,,,1745414811425553,20250423,A,
1532380334.1745415,button_click,Subscribe for Updates,1.0,1745414815596024,20250423,A,
1532380334.1745415,page_duration,version_a,7.0,1745414815596024,20250423,A,
1532380334.1745415,page_view,,,1745416297303327,20250423,A,
1532380334.1745415,scroll,,,1745416301604396,20250423,A,
1537772812.1745408,first_visit,,,1745408462077734,20250423,A,
1537772812.1745408,session_start,,,1745408462077734,20250423,A,
1537772812.1745408,page_view,,,1745408462077734,20250423,A,
1537772812.1745408,scroll,,,1745408463435335,20250423,A,
1540392562.1745422,first_visit,,,1745422058640336,20250423,A,
1540392562.1745422,session_start,,,1745422058640336,20250423,A,
1540392562.1745422,page_view,,,1745422058640336,20250423,A,
1540392562.1745422,scroll,,,1745422063371035,20250423,A,
1540392562.1745422,page_duration,version_a,130.0,1745422188072674,20250423,A,
1558775150.1745377,first_visit,,,1745377642487183,20250422,A,
1558775150.1745377,session_start,,,1745377642487183,20250422,A,
1558775150.1745377,page_view,,,1745377642487183,20250422,A,
1558775150.1745377,scroll,,,1745377647429281,20250422,A,
1558775150.1745377,page_duration,version_a,7.0,1745377649173607,20250422,A,
1558775150.1745377,page_view,,,1745378831527262,20250422,A,
1558775150.1745377,scroll,,,1745378836445045,20250422,A,
1558775150.1745377,option_selected,Mint Chocolate Green,1.0,1745378850905969,20250422,A,color_selected
1558775150.1745377,option_selected,Mint Chocolate Green,1.0,1745378850905969,20250422,A,color_selected
1558775150.1745377,button_click,Submit Preferences,1.0,1745378850905969,20250422,A,
1558775150.1745377,page_duration,version_a,20.0,1745378851515502,20250422,A,
1558775150.1745377,page_view,,,1745378851807397,20250422,A,
1558775150.1745377,scroll,,,1745378852390971,20250422,A,
1558775150.1745377,page_duration,version_a,1.0,1745378852411341,20250422,A,
1558775150.1745377,session_start,,,1745381359132073,20250422,A,
1558775150.1745377,page_view,,,1745381359132073,20250422,A,
1558775150.1745377,scroll,,,1745381364086880,20250422,A,
1558775150.1745377,option_selected,premium,1.0,1745381371105559,20250422,A,additional_features
1558775150.1745377,option_selected,premium,1.0,1745381371105559,20250422,A,additional_features
1558775150.1745377,option_selected,Mint Chocolate Green,1.0,1745381371105559,20250422,A,color_selected
1558775150.1745377,option_selected,Black Sesame,1.0,1745381371105559,20250422,A,color_selected
1558775150.1745377,option_selected,Cotton Candy Pink,1.0,1745381371105559,20250422,A,color_selected
1558775150.1745377,option_selected,Cotton Candy Pink,1.0,1745381377619422,20250422,A,color_selected
1558775150.1745377,button_click,Submit Preferences,1.0,1745381377619422,20250422,A,
1558775150.1745377,page_duration,version_a,21.0,1745381380053112,20250422,A,
1558775150.1745377,page_view,,,1745381380319474,20250422,A,
1558775150.1745377,scroll,,,1745381385190502,20250422,A,
1558775150.1745377,page_view,,,1745381425843181,20250422,A,
1558775150.1745377,scroll,,,1745381430837852,20250422,A,
1598697734.1744757,first_visit,,,1745378270533627,20250422,A,
1598697734.1744757,session_start,,,1745378270533627,20250422,A,
1598697734.1744757,page_view,,,1745378270533627,20250422,A,
1598697734.1744757,scroll,,,1745378275508516,20250422,A,
1598697734.1744757,option_selected,Cotton Candy Pink,1.0,1745378282843440,20250422,A,color_selected
1598697734.1744757,option_selected,Cotton Candy Pink,1.0,1745378282843440,20250422,A,color_selected
1598697734.1744757,option_selected,Mint Chocolate Green,1.0,1745378282843440,20250422,A,color_selected
1598697734.1744757,option_selected,Mint Chocolate Green,1.0,1745378282843440,20250422,A,color_selected
1598697734.1744757,page_duration,version_a,15.0,1745378284974442,20250422,A,
1604638830.1745417,first_visit,,,1745415965572046,20250423,A,
1604638830.1745417,session_start,,,1745415965572046,20250423,A,
1604638830.1745417,page_view,,,1745415965572046,20250423,A,
1604638830.1745417,scroll,,,1745415970564696,20250423,A,
1604638830.1745417,button_click,Subscribe for Updates,1.0,1745415980986991,20250423,A,
1604638830.1745417,option_selected,Cotton Candy Pink,1.0,1745416001080862,20250423,A,color_selected
1604638830.1745417,option_selected,cellular,1.0,1745416069887249,20250423,A,additional_features
1604638830.1745417,option_selected,premium,1.0,1745416069887249,20250423,A,additional_features
1604638830.1745417,option_selected,cellular,1.0,1745416069887249,20250423,A,additional_features
1604638830.1745417,button_click,Submit Preferences,1.0,1745416109455541,20250423,A,
1604638830.1745417,page_duration,version_a,144.0,1745416109491183,20250423,A,
1604638830.1745417,page_view,,,1745416110180710,20250423,A,
1604638830.1745417,scroll,,,1745416115243719,20250423,A,
1617374049.1745367,first_visit,,,1745369750159186,20250422,A,
1617374049.1745367,session_start,,,1745369750159186,20250422,A,
1617374049.1745367,page_view,,,1745369750159186,20250422,A,
1617374049.1745367,scroll,,,1745369755130044,20250422,A,
1617374049.1745367,user_engagement,,,1745369756168348,20250422,A,
1617374049.1745367,page_duration,version_a,6.0,1745369756187457,20250422,A,
1633913618.1745412,first_visit,,,1745413888851110,20250423,A,
1633913618.1745412,session_start,,,1745413888851110,20250423,A,
1633913618.1745412,page_view,,,1745413888851110,20250423,A,
1633913618.1745412,scroll,,,1745413893872844,20250423,A,
1659734248.1745372,first_visit,,,1745372610241820,20250422,A,
1659734248.1745372,session_start,,,1745372610241820,20250422,A,
1659734248.1745372,page_view,,,1745372610241820,20250422,A,
1659734248.1745372,scroll,,,1745372615144519,20250422,A,
1659734248.1745372,option_selected,Cotton Candy Pink,1.0,1745372625209221,20250422,A,color_selected
1659734248.1745372,option_selected,Cotton Candy Pink,1.0,1745372630205082,20250422,A,color_selected
1659734248.1745372,option_selected,leather,1.0,1745372630205082,20250422,A,band_material
1659734248.1745372,option_selected,large,1.0,1745372630205082,20250422,A,size
1659734248.1745372,option_selected,medium,1.0,1745372635541359,20250422,A,size
1659734248.1745372,option_selected,warranty,1.0,1745372654649148,20250422,A,additional_features
1659734248.1745372,option_selected,fast,1.0,1745372654649148,20250422,A,charging_option
1659734248.1745372,option_selected,health,1.0,1745372669188534,20250422,A,main_reason
1659734248.1745372,option_selected,200_299,1.0,1745372674852727,20250422,A,price_range
1659734248.1745372,button_click,Submit Preferences,1.0,1745372680103622,20250422,A,
1659734248.1745372,page_duration,version_a,70.0,1745372680115142,20250422,A,
1678999218.1745408,first_visit,,,1745407563865038,20250423,A,
1678999218.1745408,session_start,,,1745407563865038,20250423,A,
1678999218.1745408,page_view,,,1745407563865038,20250423,A,
1678999218.1745408,scroll,,,1745407565771661,20250423,A,
1678999218.1745408,button_click,Subscribe for Updates,1.0,1745407570967659,20250423,A,
1678999218.1745408,button_click,Subscribe for Updates,1.0,1745407616780172,20250423,A,
1678999218.1745408,option_selected,premium,1.0,1745407629096801,20250423,A,additional_features
1678999218.1745408,option_selected,wireless,1.0,1745407629096801,20250423,A,charging_option
1678999218.1745408,option_selected,fast,1.0,1745407629096801,20250423,A,charging_option
1678999218.1745408,option_selected,used_to,1.0,1745407634387565,20250423,A,own_smartwatch
1678999218.1745408,option_selected,health,1.0,1745407634387565,20250423,A,main_reason
1678999218.1745408,option_selected,200_299,1.0,1745407634387565,20250423,A,price_range
1678999218.1745408,button_click,Submit Preferences,1.0,1745407639629213,20250423,A,
1678999218.1745408,option_selected,Mint Chocolate Green,1.0,1745407650451016,20250423,A,color_selected
1678999218.1745408,page_view,,,1745407658149565,20250423,A,
1678999218.1745408,scroll,,,1745407663156885,20250423,A,
1693951304.1745389,first_visit,,,1745390567966731,20250422,A,
1693951304.1745389,session_start,,,1745390567966731,20250422,A,
1693951304.1745389,page_view,,,1745390567966731,20250422,A,
1693951304.1745389,scroll,,,1745390572905113,20250422,A,
1693951304.1745389,option_selected,Cotton Candy Pink,1.0,1745390578798292,20250422,A,color_selected
1693951304.1745389,option_selected,Black Sesame,1.0,1745390578798292,20250422,A,color_selected
1693951304.1745389,page_duration,version_a,35.0,1745390603479306,20250422,A,
1781259038.1745384,first_visit,,,1745385472818481,20250422,A,
1781259038.1745384,session_start,,,1745385472818481,20250422,A,
1781259038.1745384,page_view,,,1745385472818481,20250422,A,
1781259038.1745384,scroll,,,1745385477697228,20250422,A,
1813867335.1745403,first_visit,,,1745405484123409,20250423,A,
1813867335.1745403,session_start,,,1745405484123409,20250423,A,
1813867335.1745403,page_view,,,1745405484123409,20250423,A,
1813867335.1745403,scroll,,,1745405489127614,20250423,A,
1813867335.1745403,button_click,Subscribe for Updates,1.0,1745405497718138,20250423,A,
1813867335.1745403,option_selected,Mint Chocolate Green,1.0,1745405543210122,20250423,A,color_selected
1813867335.1745403,option_selected,leather,1.0,1745405552530527,20250423,A,band_material
1813867335.1745403,option_selected,silicone,1.0,1745405552530527,20250423,A,band_material
1813867335.1745403,button_click,Submit Preferences,1.0,1745405565204199,20250423,A,
1813867335.1745403,page_duration,version_a,88.0,1745405571089661,20250423,A,
1813867335.1745403,page_view,,,1745405571837862,20250423,A,
1813867335.1745403,scroll,,,1745405576169923,20250423,A,
1870437708.174476,session_start,,,1745377139722810,20250422,A,
1870437708.174476,page_view,,,1745377139722810,20250422,A,
1870437708.174476,scroll,,,1745377144737224,20250422,A,
1870437708.174476,user_engagement,,,1745377176648892,20250422,A,
1870437708.174476,page_duration,version_a,37.0,1745377176650501,20250422,A,
1870437708.174476,page_view,,,1745377177353870,20250422,A,
1870437708.174476,scroll,,,1745377180931297,20250422,A,
1870437708.174476,button_click,Submit Preferences,1.0,1745377185936451,20250422,A,
1870437708.174476,option_selected,premium,1.0,1745377185936451,20250422,A,additional_features
1870437708.174476,option_selected,premium,1.0,1745377185936451,20250422,A,additional_features
1870437708.174476,option_selected,premium,1.0,1745377185936451,20250422,A,additional_features
1870437708.174476,option_selected,Mint Chocolate Green,1.0,1745377192275398,20250422,A,color_selected
1870437708.174476,button_click,Submit Preferences,1.0,1745377192275398,20250422,A,
1870437708.174476,page_duration,version_a,17.0,1745377194008547,20250422,A,
1870437708.174476,page_view,,,1745377194302031,20250422,A,
1870437708.174476,scroll,,,1745377195612166,20250422,A,
1870437708.174476,page_duration,version_a,1.0,1745377601827996,20250422,A,
1870437708.174476,page_duration,version_a,470.0,1745377664016352,20250422,A,
1870437708.174476,page_view,,,1745377664450071,20250422,A,
1870437708.174476,scroll,,,1745377669439410,20250422,A,
1870437708.174476,page_duration,version_a,18.0,1745377687477664,20250422,A,
1870437708.174476,page_duration,version_a,927.0,1745378591569098,20250422,A,
1911025263.174538,first_visit,,,1745381049505629,20250422,A,
1911025263.174538,session_start,,,1745381049505629,20250422,A,
1911025263.174538,page_view,,,1745381049505629,20250422,A,
1911025263.174538,scroll,,,1745381054536946,20250422,A,
1911025263.174538,page_duration,version_a,11.0,1745381060907563,20250422,A,
1953672122.1745408,first_visit,,,1745406924915475,20250423,A,
1953672122.1745408,session_start,,,1745406924915475,20250423,A,
1953672122.1745408,page_view,,,1745406924915475,20250423,A,
1953672122.1745408,page_view,,,1745407094391740,20250423,A,
1953672122.1745408,scroll,,,1745407099387590,20250423,A,
1953672122.1745408,button_click,Submit Preferences,1.0,1745407125995132,20250423,A,
1953672122.1745408,button_click,Submit Preferences,1.0,1745407154963123,20250423,A,
1953672122.1745408,button_click,Submit Preferences,1.0,1745407154963123,20250423,A,
1953672122.1745408,button_click,Submit Preferences,1.0,1745407154963123,20250423,A,
1953672122.1745408,button_click,Submit Preferences,1.0,1745407164455166,20250423,A,
1953672122.1745408,button_click,Submit Preferences,1.0,1745407164455166,20250423,A,
1953672122.1745408,button_click,Submit Preferences,1.0,1745407164455166,20250423,A,
1967202281.1745396,first_visit,,,1745394395634394,20250423,A,
1967202281.1745396,session_start,,,1745394395634394,20250423,A,
1967202281.1745396,page_view,,,1745394395634394,20250423,A,
1967202281.1745396,scroll,,,1745394399898312,20250423,A,
1967202281.1745396,page_duration,version_a,5.0,1745394400437890,20250423,A,
1967202281.1745396,page_view,,,1745394412072343,20250423,A,
1967202281.1745396,scroll,,,1745394417086385,20250423,A,
1967202281.1745396,page_duration,version_a,10.0,1745394422591984,20250423,A,
1967202281.1745396,session_start,,,1745402040250197,20250423,A,
1967202281.1745396,page_view,,,1745402040250197,20250423,A,
1967202281.1745396,scroll,,,1745402045157028,20250423,A,
1967202281.1745396,button_click,Subscribe for Updates,1.0,1745402056094953,20250423,A,
1967202281.1745396,button_click,Subscribe for Updates,1.0,1745402065561737,20250423,A,
1967202281.1745396,button_click,Subscribe for Updates,1.0,1745402080127611,20250423,A,
1967202281.1745396,page_duration,version_a,118.0,1745402163434507,20250423,A,
1967202281.1745396,option_selected,Mint Chocolate Green,1.0,1745402173908133,20250423,A,color_selected
1967202281.1745396,option_selected,Mint Chocolate Green,1.0,1745402186868557,20250423,A,color_selected
1967202281.1745396,option_selected,Black Sesame,1.0,1745402186868557,20250423,A,color_selected
1967202281.1745396,option_selected,Mint Chocolate Green,1.0,1745402186868557,20250423,A,color_selected
1967202281.1745396,option_selected,leather,1.0,1745402192129640,20250423,A,band_material
1967202281.1745396,button_click,Submit Preferences,1.0,1745402201657591,20250423,A,
1967202281.1745396,page_duration,version_a,171.0,1745402210967101,20250423,A,
1967202281.1745396,page_view,,,1745402211510362,20250423,A,
1967202281.1745396,scroll,,,1745402216508694,20250423,A,
1967202281.1745396,page_duration,version_a,13.0,1745402230745901,20250423,A,
1967202281.1745396,button_click,Submit Preferences,1.0,1745402332022070,20250423,A,
1967202281.1745396,button_click,Submit Preferences,1.0,1745402332022070,20250423,A,
1967202281.1745396,option_selected,Cotton Candy Pink,1.0,1745402340056736,20250423,A,color_selected
1967202281.1745396,option_selected,leather,1.0,1745402340056736,20250423,A,band_material
1967202281.1745396,button_click,Submit Preferences,1.0,1745402340056736,20250423,A,
1967202281.1745396,page_duration,version_a,139.0,1745402355526214,20250423,A,
1967202281.1745396,page_view,,,1745402421940081,20250423,A,
1967202281.1745396,scroll,,,1745402426717747,20250423,A,
1967202281.1745396,page_duration,version_a,15.0,1745402442528770,20250423,A,
1995184440.1745389,first_visit,,,1745387999010133,20250422,A,
1995184440.1745389,session_start,,,1745387999010133,20250422,A,
1995184440.1745389,page_view,,,1745387999010133,20250422,A,
1995184440.1745389,scroll,,,1745387999509024,20250422,A,
1995184440.1745389,button_click,Subscribe for Updates,1.0,1745388004509105,20250422,A,
1995184440.1745389,option_selected,Cotton Candy Pink,1.0,1745388023269681,20250422,A,color_selected
1995184440.1745389,page_view,,,1745388081628780,20250422,A,
1995184440.1745389,scroll,,,1745388086567229,20250422,A,
1995184440.1745389,option_selected,Cotton Candy Pink,1.0,1745388103192355,20250422,A,color_selected
1995184440.1745389,page_duration,version_a,22.0,1745388110248146,20250422,A,
1995184440.1745389,page_duration,version_a,60.0,1745388147432448,20250422,A,
1995184440.1745389,option_selected,android,1.0,1745388169587397,20250422,A,phone_type
1995184440.1745389,button_click,Submit Preferences,1.0,1745388169587397,20250422,A,
1995184440.1745389,page_duration,version_a,94.0,1745388175727303,20250422,A,
1995184440.1745389,page_view,,,1745388176507375,20250422,A,
1995184440.1745389,scroll,,,1745388179228261,20250422,A,
1995746225.1745403,first_visit,,,1745404054179344,20250423,A,
1995746225.1745403,session_start,,,1745404054179344,20250423,A,
1995746225.1745403,page_view,,,1745404054179344,20250423,A,
1995746225.1745403,scroll,,,1745404058773902,20250423,A,
1995746225.1745403,page_view,,,1745404233681643,20250423,A,
1995746225.1745403,scroll,,,1745404234774122,20250423,A,
1995746225.1745403,button_click,Subscribe for Updates,1.0,1745404239811177,20250423,A,
1995746225.1745403,button_click,Subscribe for Updates,1.0,1745404254550708,20250423,A,
1995746225.1745403,button_click,Subscribe for Updates,1.0,1745404265453795,20250423,A,
1995746225.1745403,button_click,Submit Preferences,1.0,1745404298167994,20250423,A,
1995746225.1745403,button_click,Submit Preferences,1.0,1745404298167994,20250423,A,
1995746225.1745403,button_click,Submit Preferences,1.0,1745404304088072,20250423,A,
1995746225.1745403,button_click,Submit Preferences,1.0,1745404304088072,20250423,A,
1995746225.1745403,button_click,Submit Preferences,1.0,1745404310647604,20250423,A,
1995746225.1745403,button_click,Submit Preferences,1.0,1745404310647604,20250423,A,
1995746225.1745403,button_click,Submit Preferences,1.0,1745404323699894,20250423,A,
1995746225.1745403,page_view,,,1745404449840767,20250423,A,
1995746225.1745403,scroll,,,1745404450669176,20250423,A,
1995746225.1745403,button_click,Subscribe for Updates,1.0,1745404455697778,20250423,A,
1995746225.1745403,button_click,Subscribe for Updates,1.0,1745404463110584,20250423,A,
1995746225.1745403,page_view,,,1745404500880739,20250423,A,
1995746225.1745403,scroll,,,1745404501646679,20250423,A,
1995746225.1745403,button_click,Subscribe for Updates,1.0,1745404506653252,20250423,A,
1995746225.1745403,option_selected,Black Sesame,1.0,1745404512734937,20250423,A,color_selected
1995746225.1745403,option_selected,Mint Chocolate Green,1.0,1745404512734937,20250423,A,color_selected
1995746225.1745403,option_selected,premium,1.0,1745404518171665,20250423,A,additional_features
1995746225.1745403,button_click,Submit Preferences,1.0,1745404527228497,20250423,A,
2009486551.1745424,first_visit,,,1745426637527347,20250423,A,
2009486551.1745424,session_start,,,1745426637527347,20250423,A,
2009486551.1745424,page_view,,,1745426637527347,20250423,A,
2009486551.1745424,scroll,,,1745426639560205,20250423,A,
2009486551.1745424,button_click,Subscribe for Updates,1.0,1745426644562646,20250423,A,
2117574424.1745403,first_visit,,,1745403970091311,20250423,A,
2117574424.1745403,session_start,,,1745403970091311,20250423,A,
2117574424.1745403,page_view,,,1745403970091311,20250423,A,
2117574424.1745403,scroll,,,1745403971140664,20250423,A,
2117574424.1745403,button_click,Subscribe for Updates,1.0,1745403976145336,20250423,A,
2117574424.1745403,option_selected,Black Sesame,1.0,1745403982582770,20250423,A,color_selected
2117574424.1745403,button_click,Submit Preferences,1.0,1745403982582770,20250423,A,
2117574424.1745403,page_view,,,1745403993078291,20250423,A,
2117574424.1745403,scroll,,,1745403994494596,20250423,A,
2117574424.1745403,button_click,Subscribe for Updates,1.0,1745403999495424,20250423,A,
2117574424.1745403,session_start,,,1745405838877202,20250423,A,
2117574424.1745403,page_view,,,1745405838877202,20250423,A,
2117574424.1745403,scroll,,,1745405839936721,20250423,A,
2117574424.1745403,button_click,Subscribe for Updates,1.0,1745405844945565,20250423,A,
2117574424.1745403,option_selected,Black Sesame,1.0,1745405854434216,20250423,A,color_selected
2117574424.1745403,button_click,Submit Preferences,1.0,1745405854434216,20250423,A,
2117574424.1745403,page_duration,version_a,31.0,1745405869354305,20250423,A,
2117574424.1745403,page_view,,,1745405869883524,20250423,A,
2117574424.1745403,scroll,,,1745405870556699,20250423,A,
2117574424.1745403,page_duration,version_a,1.0,1745405871011734,20250423,A,
232213327.1745408,first_visit,,,1745407875143476,20250423,A,
232213327.1745408,session_start,,,1745407875143476,20250423,A,
232213327.1745408,page_view,,,1745407875143476,20250423,A,
232213327.1745408,scroll,,,1745407880107966,20250423,A,
255211612.17453703,first_visit,,,1745370411889778,20250422,A,
255211612.17453703,session_start,,,1745370411889778,20250422,A,
255211612.17453703,page_view,,,1745370411889778,20250422,A,
255211612.17453703,scroll,,,1745370416872245,20250422,A,
255211612.17453703,page_duration,version_a,11.0,1745370422290263,20250422,A,
255211612.17453703,page_duration,version_a,11.0,1745370422291572,20250422,A,
28569069.174537767,first_visit,,,1745377687558677,20250422,A,
28569069.174537767,session_start,,,1745377687558677,20250422,A,
28569069.174537767,page_view,,,1745377687558677,20250422,A,
28569069.174537767,scroll,,,1745377688106911,20250422,A,
28569069.174537767,button_click,Subscribe for Updates,1.0,1745377693102536,20250422,A,
28569069.174537767,option_selected,large,1.0,1745377703798699,20250422,A,size
28569069.174537767,option_selected,medium,1.0,1745377703798699,20250422,A,size
28569069.174537767,option_selected,Cotton Candy Pink,1.0,1745377712608175,20250422,A,color_selected
28569069.174537767,option_selected,Mint Chocolate Green,1.0,1745377712608175,20250422,A,color_selected
28569069.174537767,option_selected,Cotton Candy Pink,1.0,1745377712608175,20250422,A,color_selected
28569069.174537767,option_selected,Mint Chocolate Green,1.0,1745377712608175,20250422,A,color_selected
28569069.174537767,option_selected,leather,1.0,1745377721407497,20250422,A,band_material
28569069.174537767,option_selected,metal,1.0,1745377721407497,20250422,A,band_material
28569069.174537767,option_selected,leather,1.0,1745377721407497,20250422,A,band_material
28569069.174537767,page_duration,version_a,40.0,1745377727394074,20250422,A,
304979184.1745404,first_visit,,,1745403954678657,20250423,A,
304979184.1745404,session_start,,,1745403954678657,20250423,A,
304979184.1745404,page_view,,,1745403954678657,20250423,A,
304979184.1745404,scroll,,,1745403959623446,20250423,A,
304979184.1745404,option_selected,metal,1.0,1745403994658017,20250423,A,band_material
304979184.1745404,option_selected,large,1.0,1745403994658017,20250423,A,size
304979184.1745404,option_selected,cellular,1.0,1745404000978975,20250423,A,additional_features
304979184.1745404,option_selected,cellular,1.0,1745404000978975,20250423,A,additional_features
304979184.1745404,option_selected,fast,1.0,1745404009339272,20250423,A,charging_option
304979184.1745404,option_selected,health,1.0,1745404026011763,20250423,A,main_reason
304979184.1745404,option_selected,200_299,1.0,1745404026011763,20250423,A,price_range
304979184.1745404,option_selected,100_199,1.0,1745404031647251,20250423,A,price_range
304979184.1745404,option_selected,android,1.0,1745404031647251,20250423,A,phone_type
304979184.1745404,button_click,Submit Preferences,1.0,1745404038855372,20250423,A,
304979184.1745404,option_selected,Cotton Candy Pink,1.0,1745404044373778,20250423,A,color_selected
304979184.1745404,option_selected,Black Sesame,1.0,1745404044373778,20250423,A,color_selected
304979184.1745404,button_click,Submit Preferences,1.0,1745404044373778,20250423,A,
304979184.1745404,page_duration,version_a,94.0,1745404048622797,20250423,A,
304979184.1745404,page_view,,,1745404049274001,20250423,A,
304979184.1745404,scroll,,,1745404052512307,20250423,A,
347559149.1745407,first_visit,,,1745407046428220,20250423,A,
347559149.1745407,session_start,,,1745407046428220,20250423,A,
347559149.1745407,page_view,,,1745407046428220,20250423,A,
347559149.1745407,scroll,,,1745407051367235,20250423,A,
347559149.1745407,button_click,Subscribe for Updates,1.0,1745407059397007,20250423,A,
347559149.1745407,button_click,Subscribe for Updates,1.0,1745407064927445,20250423,A,
351585227.17453295,first_visit,,,1745329792287817,20250422,A,
351585227.17453295,session_start,,,1745329792287817,20250422,A,
351585227.17453295,page_view,,,1745329792287817,20250422,A,
360566213.17447567,session_start,,,1745466948547569,20250423,A,
360566213.17447567,page_view,,,1745466948547569,20250423,A,
360566213.17447567,scroll,,,1745466952947225,20250423,A,
360566213.17447567,button_click,Submit Preferences,1.0,1745466957887877,20250423,A,
360566213.17447567,option_selected,Cotton Candy Pink,1.0,1745466957887877,20250423,A,color_selected
360566213.17447567,button_click,Submit Preferences,1.0,1745466959893772,20250423,A,
360566213.17447567,page_duration,version_a,12.0,1745466959903092,20250423,A,
360566213.17447567,page_view,,,1745466959978583,20250423,A,
360566213.17447567,scroll,,,1745466964987666,20250423,A,
360566213.17447567,user_engagement,,,1745466965106869,20250423,A,
360566213.17447567,page_duration,version_a,5.0,1745466965127949,20250423,A,
366111028.1745193,first_visit,,,1745370711266600,20250422,A,
366111028.1745193,session_start,,,1745370711266600,20250422,A,
366111028.1745193,page_view,,,1745370711266600,20250422,A,
366111028.1745193,scroll,,,1745370716155996,20250422,A,
373425866.17454064,first_visit,,,1745406273337917,20250423,A,
373425866.17454064,session_start,,,1745406273337917,20250423,A,
373425866.17454064,page_view,,,1745406273337917,20250423,A,
373425866.17454064,scroll,,,1745406274118246,20250423,A,
418285125.1745406,first_visit,,,1745405812119798,20250423,A,
418285125.1745406,session_start,,,1745405812119798,20250423,A,
418285125.1745406,page_view,,,1745405812119798,20250423,A,
418285125.1745406,scroll,,,1745405817146048,20250423,A,
418285125.1745406,button_click,Subscribe for Updates,1.0,1745405827054496,20250423,A,
418285125.1745406,button_click,Subscribe for Updates,1.0,1745405832173485,20250423,A,
441708259.1745329,first_visit,,,1745328879194778,20250422,A,
441708259.1745329,session_start,,,1745328879194778,20250422,A,
441708259.1745329,page_view,,,1745328879194778,20250422,A,
45112691.174537726,first_visit,,,1745377337427969,20250422,A,
45112691.174537726,session_start,,,1745377337427969,20250422,A,
45112691.174537726,page_view,,,1745377337427969,20250422,A,
45112691.174537726,scroll,,,1745377340106009,20250422,A,
45112691.174537726,page_duration,version_a,3.0,1745377340663356,20250422,A,
452144192.17454064,first_visit,,,1745406146467109,20250423,A,
452144192.17454064,session_start,,,1745406146467109,20250423,A,
452144192.17454064,page_view,,,1745406146467109,20250423,A,
452144192.17454064,scroll,,,1745406148960383,20250423,A,
452144192.17454064,button_click,Subscribe for Updates,1.0,1745406153962404,20250423,A,
452144192.17454064,button_click,Submit Preferences,1.0,1745406205126748,20250423,A,
452144192.17454064,button_click,Submit Preferences,1.0,1745406211698423,20250423,A,
452144192.17454064,button_click,Submit Preferences,1.0,1745406234991250,20250423,A,
452144192.17454064,page_duration,version_a,153.0,1745406304042639,20250423,A,
452144192.17454064,page_duration,version_a,235.0,1745406386881267,20250423,A,
452144192.17454064,page_view,,,1745406581992763,20250423,A,
452144192.17454064,scroll,,,1745406586936382,20250423,A,
452144192.17454064,button_click,Subscribe for Updates,1.0,1745406604985000,20250423,A,
452144192.17454064,option_selected,Mint Chocolate Green,1.0,1745406621714562,20250423,A,color_selected
452144192.17454064,option_selected,leather,1.0,1745406628163900,20250423,A,band_material
452144192.17454064,option_selected,cellular,1.0,1745406635036609,20250423,A,additional_features
452144192.17454064,option_selected,silicone,1.0,1745406642876553,20250423,A,band_material
452144192.17454064,option_selected,cellular,1.0,1745406834268434,20250423,A,additional_features
452144192.17454064,page_view,,,1745407495070120,20250423,A,
452144192.17454064,scroll,,,1745407500001403,20250423,A,
452144192.17454064,button_click,Submit Preferences,1.0,1745407522584468,20250423,A,
452144192.17454064,button_click,Submit Preferences,1.0,1745407522584468,20250423,A,
452144192.17454064,button_click,Submit Preferences,1.0,1745407538229445,20250423,A,
452144192.17454064,button_click,Subscribe for Updates,1.0,1745407603502920,20250423,A,
452144192.17454064,page_duration,version_a,115.0,1745407609970844,20250423,A,
452144192.17454064,page_view,,,1745407673148558,20250423,A,
452144192.17454064,scroll,,,1745407678146895,20250423,A,
452144192.17454064,button_click,Submit Preferences,1.0,1745407712147621,20250423,A,
452144192.17454064,button_click,Submit Preferences,1.0,1745407712147621,20250423,A,
452144192.17454064,page_duration,version_a,48.0,1745407721688183,20250423,A,
452144192.17454064,page_view,,,1745407783750614,20250423,A,
452144192.17454064,scroll,,,1745407788744476,20250423,A,
452144192.17454064,option_selected,Mint Chocolate Green,1.0,1745407796194080,20250423,A,color_selected
452144192.17454064,button_click,Submit Preferences,1.0,1745407811409539,20250423,A,
452144192.17454064,user_engagement,,,1745407813823151,20250423,A,
452144192.17454064,page_duration,version_a,31.0,1745407813979926,20250423,A,
452144192.17454064,page_view,,,1745407814672069,20250423,A,
452144192.17454064,scroll,,,1745407819704155,20250423,A,
452144192.17454064,page_duration,version_a,13.0,1745407833087273,20250423,A,
452144192.17454064,page_duration,version_a,17.0,1745407833087273,20250423,A,
485945884.17454714,first_visit,,,1745470781044543,20250423,A,
485945884.17454714,session_start,,,1745470781044543,20250423,A,
485945884.17454714,page_view,,,1745470781044543,20250423,A,
485945884.17454714,scroll,,,1745470786077168,20250423,A,
485945884.17454714,page_view,,,1745470943998526,20250423,A,
485945884.17454714,scroll,,,1745470948974275,20250423,A,
485945884.17454714,option_selected,cellular,1.0,1745470966123634,20250423,A,additional_features
485945884.17454714,option_selected,fast,1.0,1745470966123634,20250423,A,charging_option
485945884.17454714,option_selected,standard,1.0,1745470971702701,20250423,A,charging_option
485945884.17454714,button_click,Submit Preferences,1.0,1745471008960490,20250423,A,
485945884.17454714,button_click,Submit Preferences,1.0,1745471008960490,20250423,A,
508260564.17453814,first_visit,,,1745381576624074,20250422,A,
508260564.17453814,session_start,,,1745381576624074,20250422,A,
508260564.17453814,page_view,,,1745381576624074,20250422,A,
508260564.17453814,scroll,,,1745381581378427,20250422,A,
508260564.17453814,button_click,Subscribe for Updates,1.0,1745381588728436,20250422,A,
508260564.17453814,option_selected,Mint Chocolate Green,1.0,1745381627699844,20250422,A,color_selected
508260564.17453814,option_selected,Black Sesame,1.0,1745381627699844,20250422,A,color_selected
508260564.17453814,page_view,,,1745381645058316,20250422,A,
508260564.17453814,scroll,,,1745381650089120,20250422,A,
508260564.17453814,button_click,Submit Preferences,1.0,1745381660739803,20250422,A,
508260564.17453814,option_selected,Black Sesame,1.0,1745381667398517,20250422,A,color_selected
508260564.17453814,button_click,Submit Preferences,1.0,1745381667398517,20250422,A,
508260564.17453814,page_view,,,1745381674349704,20250422,A,
508260564.17453814,scroll,,,1745381679358464,20250422,A,
508260564.17453814,option_selected,Black Sesame,1.0,1745381695289474,20250422,A,color_selected
508260564.17453814,option_selected,Black Sesame,1.0,1745381695289474,20250422,A,color_selected
508260564.17453814,option_selected,Black Sesame,1.0,1745381695289474,20250422,A,color_selected
531646894.1745329,first_visit,,,1745329020791949,20250422,A,
531646894.1745329,session_start,,,1745329020791949,20250422,A,
531646894.1745329,page_view,,,1745329020791949,20250422,A,
531646894.1745329,scroll,,,1745329024642440,20250422,A,
531646894.1745329,button_click,Subscribe for Updates,1.0,1745329029521488,20250422,A,
531646894.1745329,page_view,,,1745329088329837,20250422,A,
531646894.1745329,scroll,,,1745329090846891,20250422,A,
531646894.1745329,page_view,,,1745329409260794,20250422,A,
531646894.1745329,scroll,,,1745329414224989,20250422,A,
531646894.1745329,option_selected,Black Sesame,1.0,1745329427485046,20250422,A,color_selected
531646894.1745329,option_selected,leather,1.0,1745329427485046,20250422,A,band_material
531646894.1745329,option_selected,large,1.0,1745329433136766,20250422,A,size
531646894.1745329,option_selected,warranty,1.0,1745329433136766,20250422,A,additional_features
531646894.1745329,option_selected,fast,1.0,1745329433136766,20250422,A,charging_option
531646894.1745329,option_selected,premium_bundle,1.0,1745329433136766,20250422,A,accessories_option
531646894.1745329,option_selected,no,1.0,1745329433136766,20250422,A,own_smartwatch
531646894.1745329,option_selected,other,1.0,1745329439599297,20250422,A,main_reason
531646894.1745329,option_selected,300_plus,1.0,1745329439599297,20250422,A,price_range
531646894.1745329,option_selected,other,1.0,1745329439599297,20250422,A,phone_type
531646894.1745329,button_click,Submit Preferences,1.0,1745329442240185,20250422,A,
531646894.1745329,page_duration,version_a,33.0,1745329442256197,20250422,A,
531646894.1745329,page_view,,,1745329442677348,20250422,A,
531646894.1745329,scroll,,,1745329447682026,20250422,A,
531646894.1745329,page_view,,,1745329543086362,20250422,A,
531646894.1745329,scroll,,,1745329544280067,20250422,A,
531646894.1745329,button_click,Subscribe for Updates,1.0,1745329549284448,20250422,A,
531646894.1745329,option_selected,leather,1.0,1745329594030680,20250422,A,band_material
531646894.1745329,option_selected,large,1.0,1745329594030680,20250422,A,size
532365404.1745373,page_view,,,1745372680289148,20250422,A,
532365404.1745373,scroll,,,1745372685318079,20250422,A,
532365404.1745373,button_click,Submit Preferences,1.0,1745372692675325,20250422,A,
532365404.1745373,button_click,Submit Preferences,1.0,1745372692675325,20250422,A,
532365404.1745373,button_click,Submit Preferences,1.0,1745372692675325,20250422,A,
539937401.174541,first_visit,,,1745409805005477,20250423,A,
539937401.174541,session_start,,,1745409805005477,20250423,A,
539937401.174541,page_view,,,1745409805005477,20250423,A,
539937401.174541,scroll,,,1745409810026152,20250423,A,
54462975.174540654,first_visit,,,1745406612160064,20250423,A,
54462975.174540654,session_start,,,1745406612160064,20250423,A,
54462975.174540654,page_view,,,1745406612160064,20250423,A,
54462975.174540654,scroll,,,1745406617333289,20250423,A,
564004826.1745408,first_visit,,,1745406564935832,20250423,A,
564004826.1745408,session_start,,,1745406564935832,20250423,A,
564004826.1745408,page_view,,,1745406564935832,20250423,A,
564004826.1745408,scroll,,,1745406569893190,20250423,A,
564004826.1745408,button_click,Subscribe for Updates,1.0,1745406855484119,20250423,A,
564004826.1745408,session_start,,,1745409499016036,20250423,A,
564004826.1745408,page_view,,,1745409499016036,20250423,A,
564004826.1745408,scroll,,,1745409504025324,20250423,A,
564004826.1745408,option_selected,Black Sesame,1.0,1745409521254907,20250423,A,color_selected
564004826.1745408,option_selected,metal,1.0,1745409531194200,20250423,A,band_material
564004826.1745408,option_selected,cellular,1.0,1745409551580751,20250423,A,additional_features
564004826.1745408,option_selected,android,1.0,1745409575778984,20250423,A,phone_type
564004826.1745408,button_click,Submit Preferences,1.0,1745409601211886,20250423,A,
564004826.1745408,page_duration,version_a,127.0,1745409626132337,20250423,A,
564004826.1745408,page_view,,,1745409626654578,20250423,A,
564004826.1745408,scroll,,,1745409630633371,20250423,A,
565109035.1745405,first_visit,,,1745405297402838,20250423,A,
565109035.1745405,session_start,,,1745405297402838,20250423,A,
565109035.1745405,page_view,,,1745405297402838,20250423,A,
565109035.1745405,scroll,,,1745405299091319,20250423,A,
565109035.1745405,button_click,Subscribe for Updates,1.0,1745405304316181,20250423,A,
565109035.1745405,button_click,Subscribe for Updates,1.0,1745405312320355,20250423,A,
565109035.1745405,page_duration,version_a,39.0,1745405335621900,20250423,A,
590969265.1745106,session_start,,,1745369480662881,20250422,A,
590969265.1745106,page_view,,,1745369480662881,20250422,A,
590969265.1745106,scroll,,,1745369485586256,20250422,A,
590969265.1745106,page_duration,version_a,13.0,1745369497969917,20250422,A,
590969265.1745106,page_duration,version_a,18.0,1745369498274770,20250422,A,
590969265.1745106,page_view,,,1745371281070087,20250422,A,
590969265.1745106,scroll,,,1745371283542326,20250422,A,
590969265.1745106,option_selected,Black Sesame,1.0,1745371288541355,20250422,A,color_selected
590969265.1745106,option_selected,Mint Chocolate Green,1.0,1745371294129526,20250422,A,color_selected
590969265.1745106,user_engagement,,,1745371295397756,20250422,A,
590969265.1745106,page_duration,version_a,15.0,1745371295406700,20250422,A,
590969265.1745106,page_view,,,1745371409051461,20250422,A,
590969265.1745106,scroll,,,1745371414069791,20250422,A,
590969265.1745106,page_duration,version_a,14.0,1745371427796358,20250422,A,
590969265.1745106,page_duration,version_a,21.0,1745371435196962,20250422,A,
590969265.1745106,page_duration,version_a,37.0,1745371452191861,20250422,A,
590969265.1745106,session_start,,,1745455306941374,20250423,A,
590969265.1745106,page_view,,,1745455306941374,20250423,A,
590969265.1745106,scroll,,,1745455307882245,20250423,A,
590969265.1745106,page_duration,version_a,1.0,1745455312965623,20250423,A,
590969265.1745106,page_duration,version_a,404.0,1745455716085101,20250423,A,
590969265.1745106,page_duration,version_a,436.0,1745455749009153,20250423,A,
590969265.1745106,page_duration,version_a,454.0,1745455765961085,20250423,A,
590969265.1745106,page_duration,version_a,464.0,1745455775959901,20250423,A,
590969265.1745106,page_duration,version_a,469.0,1745455775959901,20250423,A,
590969265.1745106,page_duration,version_a,756.0,1745456069089818,20250423,A,
590969265.1745106,page_duration,version_a,874.0,1745456186097777,20250423,A,
590969265.1745106,page_duration,version_a,1177.0,1745456489097267,20250423,A,
590969265.1745106,page_duration,version_a,1470.0,1745456782111421,20250423,A,
590969265.1745106,page_duration,version_a,1507.0,1745456819033392,20250423,A,
590969265.1745106,page_duration,version_a,2441.0,1745457754115742,20250423,A,
590969265.1745106,user_engagement,,,1745457786084180,20250423,A,
590969265.1745106,page_duration,version_a,2479.0,1745457786085045,20250423,A,
608190543.1745408,first_visit,,,1745406819826879,20250423,A,
608190543.1745408,session_start,,,1745406819826879,20250423,A,
608190543.1745408,page_view,,,1745406819826879,20250423,A,
608190543.1745408,scroll,,,1745406821259779,20250423,A,
608190543.1745408,button_click,Subscribe for Updates,1.0,1745406826274663,20250423,A,
608190543.1745408,option_selected,Black Sesame,1.0,1745406835285749,20250423,A,color_selected
608190543.1745408,option_selected,leather,1.0,1745406835285749,20250423,A,band_material
608190543.1745408,option_selected,medium,1.0,1745406842299320,20250423,A,size
608190543.1745408,option_selected,warranty,1.0,1745406842299320,20250423,A,additional_features
608190543.1745408,option_selected,fast,1.0,1745406848990270,20250423,A,charging_option
608190543.1745408,option_selected,no,1.0,1745406855447046,20250423,A,own_smartwatch
608190543.1745408,option_selected,health,1.0,1745406855447046,20250423,A,main_reason
608190543.1745408,option_selected,100_199,1.0,1745406855447046,20250423,A,price_range
608190543.1745408,option_selected,android,1.0,1745406862158379,20250423,A,phone_type
608190543.1745408,option_selected,iphone,1.0,1745406862158379,20250423,A,phone_type
608190543.1745408,button_click,Submit Preferences,1.0,1745406862158379,20250423,A,
608190543.1745408,page_duration,version_a,112.0,1745406948916631,20250423,A,
66608890.17453388,first_visit,,,1745338864660695,20250422,A,
66608890.17453388,session_start,,,1745338864660695,20250422,A,
66608890.17453388,page_view,,,1745338864660695,20250422,A,
66608890.17453388,scroll,,,1745338925456363,20250422,A,
713477556.174538,first_visit,,,1745379672566930,20250422,A,
713477556.174538,session_start,,,1745379672566930,20250422,A,
713477556.174538,page_view,,,1745379672566930,20250422,A,
713477556.174538,scroll,,,1745379677467543,20250422,A,
821206294.1745322,first_visit,,,1745322498118322,20250422,A,
821206294.1745322,session_start,,,1745322498118322,20250422,A,
821206294.1745322,page_view,,,1745322498118322,20250422,A,
821206294.1745322,scroll,,,1745322503138245,20250422,A,
832995704.1745434,first_visit,,,1745433791953071,20250423,A,
832995704.1745434,session_start,,,1745433791953071,20250423,A,
832995704.1745434,page_view,,,1745433791953071,20250423,A,
832995704.1745434,scroll,,,1745433806645829,20250423,A,
844239368.1745411,first_visit,,,1745412027195332,20250423,A,
844239368.1745411,session_start,,,1745412027195332,20250423,A,
844239368.1745411,page_view,,,1745412027195332,20250423,A,
844239368.1745411,scroll,,,1745412032147341,20250423,A,
85866833.17454031,first_visit,,,1745403206885107,20250423,A,
85866833.17454031,session_start,,,1745403206885107,20250423,A,
85866833.17454031,page_view,,,1745403206885107,20250423,A,
85866833.17454031,scroll,,,1745403211705339,20250423,A,
85866833.17454031,option_selected,Black Sesame,1.0,1745403231333063,20250423,A,color_selected
85866833.17454031,option_selected,metal,1.0,1745403240642345,20250423,A,band_material
85866833.17454031,option_selected,medium,1.0,1745403247346917,20250423,A,size
85866833.17454031,option_selected,small,1.0,1745403247346917,20250423,A,size
85866833.17454031,option_selected,premium,1.0,1745403257507884,20250423,A,additional_features
85866833.17454031,option_selected,wireless,1.0,1745403268211955,20250423,A,charging_option
85866833.17454031,option_selected,premium_bundle,1.0,1745403275327561,20250423,A,accessories_option
85866833.17454031,option_selected,style,1.0,1745403294412695,20250423,A,main_reason
85866833.17454031,option_selected,android,1.0,1745403311057416,20250423,A,phone_type
858707646.1745036,first_visit,,,1745329208986939,20250422,A,
858707646.1745036,session_start,,,1745329208986939,20250422,A,
858707646.1745036,page_view,,,1745329208986939,20250422,A,
858707646.1745036,scroll,,,1745329213882000,20250422,A,
858707646.1745036,option_selected,Mint Chocolate Green,1.0,1745329222501523,20250422,A,color_selected
858707646.1745036,option_selected,Mint Chocolate Green,1.0,1745329222501523,20250422,A,color_selected
858707646.1745036,option_selected,cellular,1.0,1745329228660808,20250422,A,additional_features
858707646.1745036,option_selected,premium,1.0,1745329228660808,20250422,A,additional_features
858707646.1745036,option_selected,warranty,1.0,1745329228660808,20250422,A,additional_features
858707646.1745036,option_selected,premium_bundle,1.0,1745329234009526,20250422,A,accessories_option
858707646.1745036,option_selected,productivity,1.0,1745329234009526,20250422,A,main_reason
858707646.1745036,option_selected,300_plus,1.0,1745329234009526,20250422,A,price_range
858707646.1745036,option_selected,android,1.0,1745329238103332,20250422,A,phone_type
858707646.1745036,button_click,Submit Preferences,1.0,1745329238103332,20250422,A,
858707646.1745036,page_duration,version_a,29.0,1745329238108150,20250422,A,
858707646.1745036,page_view,,,1745329238391288,20250422,A,
858707646.1745036,scroll,,,1745329243440073,20250422,A,
858707646.1745036,page_duration,version_a,37.0,1745329279999748,20250422,A,
858707646.1745036,page_duration,version_a,47.0,1745329290511236,20250422,A,
858707646.1745036,page_view,,,1745329376903596,20250422,A,
858707646.1745036,scroll,,,1745329379715861,20250422,A,
858707646.1745036,option_selected,Mint Chocolate Green,1.0,1745329384743202,20250422,A,color_selected
858707646.1745036,page_duration,version_a,19.0,1745329395241356,20250422,A,
858707646.1745036,session_start,,,1745350158257617,20250422,A,
858707646.1745036,page_view,,,1745350158257617,20250422,A,
858707646.1745036,scroll,,,1745350163170675,20250422,A,
858707646.1745036,page_duration,version_a,6.0,1745350174976300,20250422,A,
858707646.1745036,button_click,Submit Preferences,1.0,1745350181655407,20250422,A,
858707646.1745036,page_view,,,1745350184876802,20250422,A,
858707646.1745036,scroll,,,1745350186302599,20250422,A,
858707646.1745036,page_duration,version_a,2.0,1745350187295185,20250422,A,
858707646.1745036,page_duration,version_a,24.0,1745350835383937,20250422,A,
868287995.1745378,first_visit,,,1745378068479212,20250422,A,
868287995.1745378,session_start,,,1745378068479212,20250422,A,
868287995.1745378,page_view,,,1745378068479212,20250422,A,
868287995.1745378,scroll,,,1745378069529097,20250422,A,
868287995.1745378,button_click,Subscribe for Updates,1.0,1745378074549865,20250422,A,
868287995.1745378,page_duration,version_a,88.0,1745378162122934,20250422,A,
868287995.1745378,button_click,Subscribe for Updates,1.0,1745378200998156,20250422,A,
868287995.1745378,option_selected,Black Sesame,1.0,1745378252897466,20250422,A,color_selected
868287995.1745378,option_selected,health,1.0,1745378328177141,20250422,A,main_reason
868287995.1745378,option_selected,android,1.0,1745378337247692,20250422,A,phone_type
868287995.1745378,button_click,Submit Preferences,1.0,1745378350617105,20250422,A,
868287995.1745378,page_duration,version_a,300.0,1745378367513950,20250422,A,
868287995.1745378,page_view,,,1745378368096860,20250422,A,
868287995.1745378,scroll,,,1745378373102387,20250422,A,
868287995.1745378,button_click,Subscribe for Updates,1.0,1745378390447255,20250422,A,
876678146.1745378,first_visit,,,1745378134774486,20250422,A,
876678146.1745378,session_start,,,1745378134774486,20250422,A,
876678146.1745378,page_view,,,1745378134774486,20250422,A,
876678146.1745378,scroll,,,1745378136053192,20250422,A,
876678146.1745378,button_click,Subscribe for Updates,1.0,1745378141083442,20250422,A,
876678146.1745378,button_click,Subscribe for Updates,1.0,1745378161268783,20250422,A,
876678146.1745378,page_duration,version_a,28.0,1745378162519234,20250422,A,
876678146.1745378,page_view,,,1745378925158085,20250422,A,
876678146.1745378,scroll,,,1745378925957554,20250422,A,
876678146.1745378,button_click,Subscribe for Updates,1.0,1745378930962925,20250422,A,
876678146.1745378,page_duration,version_a,39.0,1745378964465554,20250422,A,
882747705.174535,first_visit,,,1745350202008961,20250422,A,
882747705.174535,session_start,,,1745350202008961,20250422,A,
882747705.174535,page_view,,,1745350202008961,20250422,A,
882747705.174535,scroll,,,1745350207005166,20250422,A,
882747705.174535,page_duration,version_a,15.0,1745350224105100,20250422,A,
882747705.174535,session_start,,,1745360521237253,20250422,A,
882747705.174535,page_view,,,1745360521237253,20250422,A,
882747705.174535,scroll,,,1745360525190945,20250422,A,
882747705.174535,session_start,,,1745384607314631,20250422,A,
882747705.174535,page_view,,,1745384607314631,20250422,A,
885858999.1745403,first_visit,,,1745403187298857,20250423,A,
885858999.1745403,session_start,,,1745403187298857,20250423,A,
885858999.1745403,page_view,,,1745403187298857,20250423,A,
885858999.1745403,scroll,,,1745403191773406,20250423,A,
885858999.1745403,page_duration,version_a,5.0,1745403192157966,20250423,A,
893172241.1745411,first_visit,,,1745411839030265,20250423,A,
893172241.1745411,session_start,,,1745411839030265,20250423,A,
893172241.1745411,page_view,,,1745411839030265,20250423,A,
893172241.1745411,scroll,,,1745411843963489,20250423,A,
89474364.17454088,first_visit,,,1745408846343758,20250423,A,
89474364.17454088,session_start,,,1745408846343758,20250423,A,
89474364.17454088,page_view,,,1745408846343758,20250423,A,
89474364.17454088,scroll,,,1745408851342947,20250423,A,
902376166.1745331,first_visit,,,1745333642646186,20250422,A,
902376166.1745331,session_start,,,1745333642646186,20250422,A,
902376166.1745331,page_view,,,1745333642646186,20250422,A,
902376166.1745331,scroll,,,1745333647649043,20250422,A,
902376166.1745331,page_duration,version_a,46.0,1745333698936609,20250422,A,
902376166.1745331,page_view,,,1745333699806573,20250422,A,
902376166.1745331,scroll,,,1745333704839382,20250422,A,
902376166.1745331,option_selected,Black Sesame,1.0,1745333734154415,20250422,A,color_selected
902376166.1745331,option_selected,no,1.0,1745333754131566,20250422,A,own_smartwatch
902376166.1745331,option_selected,Black Sesame,1.0,1745333759960144,20250422,A,color_selected
902376166.1745331,page_duration,version_a,86.0,1745333785428099,20250422,A,
902376166.1745331,session_start,,,1745335701250555,20250422,A,
902376166.1745331,user_engagement,,,1745335701250555,20250422,A,
902376166.1745331,page_duration,version_a,2001.0,1745335701252139,20250422,A,
945312138.1745421,first_visit,,,1745419988669358,20250423,A,
945312138.1745421,session_start,,,1745419988669358,20250423,A,
945312138.1745421,page_view,,,1745419988669358,20250423,A,
945312138.1745421,scroll,,,1745419993683769,20250423,A,
945312138.1745421,button_click,Submit Preferences,1.0,1745420004124284,20250423,A,
945312138.1745421,button_click,Submit Preferences,1.0,1745420004124284,20250423,A,
945312138.1745421,option_selected,Mint Chocolate Green,1.0,1745420014301571,20250423,A,color_selected
945312138.1745421,option_selected,wireless,1.0,1745420014301571,20250423,A,charging_option
945312138.1745421,button_click,Submit Preferences,1.0,1745420014301571,20250423,A,
945312138.1745421,page_duration,version_a,28.0,1745420016631393,20250423,A,
945312138.1745421,page_view,,,1745420017338582,20250423,A,
962737113.1745299,session_start,,,1745381986122721,20250422,A,
962737113.1745299,page_view,,,1745381986122721,20250422,A,
962737113.1745299,scroll,,,1745381991893353,20250422,A,
962737113.1745299,option_selected,used_to,1.0,1745382003521212,20250422,A,own_smartwatch
962737113.1745299,option_selected,yes,1.0,1745382003521212,20250422,A,own_smartwatch
962737113.1745299,option_selected,style,1.0,1745382009681511,20250422,A,main_reason
962737113.1745299,option_selected,200_299,1.0,1745382009681511,20250422,A,price_range
962737113.1745299,option_selected,Cotton Candy Pink,1.0,1745382009681511,20250422,A,color_selected
962737113.1745299,button_click,Submit Preferences,1.0,1745382011469908,20250422,A,
962737113.1745299,page_duration,version_a,26.0,1745382011480515,20250422,A,
962737113.1745299,page_view,,,1745382011590230,20250422,A,
962737113.1745299,scroll,,,1745382015003191,20250422,A,
962737113.1745299,button_click,Submit Preferences,1.0,1745382020012953,20250422,A,
962737113.1745299,option_selected,Mint Chocolate Green,1.0,1745382020012953,20250422,A,color_selected
962737113.1745299,button_click,Submit Preferences,1.0,1745382020012953,20250422,A,
962737113.1745299,page_duration,version_a,11.0,1745382022305171,20250422,A,
962737113.1745299,page_view,,,1745382022407423,20250422,A,
962737113.1745299,scroll,,,1745382023949360,20250422,A,
962737113.1745299,user_engagement,,,1745382023949680,20250422,A,
962737113.1745299,page_duration,version_a,2.0,1745382023951342,20250422,A,
962737113.1745299,session_start,,,1745428332591851,20250423,A,
962737113.1745299,page_view,,,1745428332591851,20250423,A,
962737113.1745299,scroll,,,1745428337608211,20250423,A,
962737113.1745299,page_duration,version_a,7.0,1745428344884975,20250423,A,
962737113.1745299,page_duration,version_a,15.0,1745428346955375,20250423,A,
